image_id,file_path,ground_truth_label
00001,data/images/img_00001.jpg,0
00002,data/images/img_00002.jpg,0
00003,data/images/img_00003.jpg,0
00004,data/images/img_00004.jpg,0
00005,data/images/img_00005.jpg,0
00006,data/images/img_00006.jpg,0
00007,data/images/img_00007.jpg,0
00008,data/images/img_00008.jpg,0
00009,data/images/img_00009.jpg,0
00010,data/images/img_00010.jpg,0
00011,data/images/img_00011.jpg,0
00012,data/images/img_00012.jpg,0
00013,data/images/img_00013.jpg,0
00014,data/images/img_00014.jpg,0
00015,data/images/img_00015.jpg,0
00016,data/images/img_00016.jpg,0
00017,data/images/img_00017.jpg,0
00018,data/images/img_00018.jpg,0
00019,data/images/img_00019.jpg,0
00020,data/images/img_00020.jpg,0
00021,data/images/img_00021.jpg,0
00022,data/images/img_00022.jpg,0
00023,data/images/img_00023.jpg,0
00024,data/images/img_00024.jpg,0
00025,data/images/img_00025.jpg,0
00026,data/images/img_00026.jpg,0
00027,data/images/img_00027.jpg,0
00028,data/images/img_00028.jpg,0
00029,data/images/img_00029.jpg,0
00030,data/images/img_00030.jpg,0
00031,data/images/img_00031.jpg,0
00032,data/images/img_00032.jpg,0
00033,data/images/img_00033.jpg,0
00034,data/images/img_00034.jpg,0
00035,data/images/img_00035.jpg,0
00036,data/images/img_00036.jpg,0
00037,data/images/img_00037.jpg,0
00038,data/images/img_00038.jpg,0
00039,data/images/img_00039.jpg,0
00040,data/images/img_00040.jpg,0
00041,data/images/img_00041.jpg,0
00042,data/images/img_00042.jpg,0
00043,data/images/img_00043.jpg,0
00044,data/images/img_00044.jpg,0
00045,data/images/img_00045.jpg,0
00046,data/images/img_00046.jpg,0
00047,data/images/img_00047.jpg,0
00048,data/images/img_00048.jpg,0
00049,data/images/img_00049.jpg,0
00050,data/images/img_00050.jpg,0
00051,data/images/img_00051.jpg,0
00052,data/images/img_00052.jpg,0
00053,data/images/img_00053.jpg,0
00054,data/images/img_00054.jpg,0
00055,data/images/img_00055.jpg,0
00056,data/images/img_00056.jpg,0
00057,data/images/img_00057.jpg,0
00058,data/images/img_00058.jpg,0
00059,data/images/img_00059.jpg,0
00060,data/images/img_00060.jpg,0
00061,data/images/img_00061.jpg,0
00062,data/images/img_00062.jpg,0
00063,data/images/img_00063.jpg,0
00064,data/images/img_00064.jpg,0
00065,data/images/img_00065.jpg,0
00066,data/images/img_00066.jpg,0
00067,data/images/img_00067.jpg,0
00068,data/images/img_00068.jpg,0
00069,data/images/img_00069.jpg,0
00070,data/images/img_00070.jpg,0
00071,data/images/img_00071.jpg,0
00072,data/images/img_00072.jpg,0
00073,data/images/img_00073.jpg,0
00074,data/images/img_00074.jpg,0
00075,data/images/img_00075.jpg,0
00076,data/images/img_00076.jpg,0
00077,data/images/img_00077.jpg,0
00078,data/images/img_00078.jpg,0
00079,data/images/img_00079.jpg,0
00080,data/images/img_00080.jpg,0
00081,data/images/img_00081.jpg,0
00082,data/images/img_00082.jpg,0
00083,data/images/img_00083.jpg,0
00084,data/images/img_00084.jpg,0
00085,data/images/img_00085.jpg,0
00086,data/images/img_00086.jpg,0
00087,data/images/img_00087.jpg,0
00088,data/images/img_00088.jpg,0
00089,data/images/img_00089.jpg,0
00090,data/images/img_00090.jpg,0
00091,data/images/img_00091.jpg,0
00092,data/images/img_00092.jpg,0
00093,data/images/img_00093.jpg,0
00094,data/images/img_00094.jpg,0
00095,data/images/img_00095.jpg,0
00096,data/images/img_00096.jpg,0
00097,data/images/img_00097.jpg,0
00098,data/images/img_00098.jpg,0
00099,data/images/img_00099.jpg,0
00100,data/images/img_00100.jpg,0
00101,data/images/img_00101.jpg,0
00102,data/images/img_00102.jpg,0
00103,data/images/img_00103.jpg,0
00104,data/images/img_00104.jpg,0
00105,data/images/img_00105.jpg,0
00106,data/images/img_00106.jpg,0
00107,data/images/img_00107.jpg,0
00108,data/images/img_00108.jpg,0
00109,data/images/img_00109.jpg,0
00110,data/images/img_00110.jpg,0
00111,data/images/img_00111.jpg,0
00112,data/images/img_00112.jpg,0
00113,data/images/img_00113.jpg,0
00114,data/images/img_00114.jpg,0
00115,data/images/img_00115.jpg,0
00116,data/images/img_00116.jpg,0
00117,data/images/img_00117.jpg,0
00118,data/images/img_00118.jpg,0
00119,data/images/img_00119.jpg,0
00120,data/images/img_00120.jpg,0
00121,data/images/img_00121.jpg,0
00122,data/images/img_00122.jpg,0
00123,data/images/img_00123.jpg,0
00124,data/images/img_00124.jpg,0
00125,data/images/img_00125.jpg,0
00126,data/images/img_00126.jpg,0
00127,data/images/img_00127.jpg,0
00128,data/images/img_00128.jpg,0
00129,data/images/img_00129.jpg,0
00130,data/images/img_00130.jpg,0
00131,data/images/img_00131.jpg,0
00132,data/images/img_00132.jpg,0
00133,data/images/img_00133.jpg,0
00134,data/images/img_00134.jpg,0
00135,data/images/img_00135.jpg,0
00136,data/images/img_00136.jpg,0
00137,data/images/img_00137.jpg,0
00138,data/images/img_00138.jpg,0
00139,data/images/img_00139.jpg,0
00140,data/images/img_00140.jpg,0
00141,data/images/img_00141.jpg,0
00142,data/images/img_00142.jpg,0
00143,data/images/img_00143.jpg,0
00144,data/images/img_00144.jpg,0
00145,data/images/img_00145.jpg,0
00146,data/images/img_00146.jpg,0
00147,data/images/img_00147.jpg,0
00148,data/images/img_00148.jpg,0
00149,data/images/img_00149.jpg,0
00150,data/images/img_00150.jpg,0
00151,data/images/img_00151.jpg,0
00152,data/images/img_00152.jpg,0
00153,data/images/img_00153.jpg,0
00154,data/images/img_00154.jpg,0
00155,data/images/img_00155.jpg,0
00156,data/images/img_00156.jpg,0
00157,data/images/img_00157.jpg,0
00158,data/images/img_00158.jpg,0
00159,data/images/img_00159.jpg,0
00160,data/images/img_00160.jpg,0
00161,data/images/img_00161.jpg,0
00162,data/images/img_00162.jpg,0
00163,data/images/img_00163.jpg,0
00164,data/images/img_00164.jpg,0
00165,data/images/img_00165.jpg,0
00166,data/images/img_00166.jpg,0
00167,data/images/img_00167.jpg,0
00168,data/images/img_00168.jpg,0
00169,data/images/img_00169.jpg,0
00170,data/images/img_00170.jpg,0
00171,data/images/img_00171.jpg,0
00172,data/images/img_00172.jpg,0
00173,data/images/img_00173.jpg,0
00174,data/images/img_00174.jpg,0
00175,data/images/img_00175.jpg,0
00176,data/images/img_00176.jpg,0
00177,data/images/img_00177.jpg,0
00178,data/images/img_00178.jpg,0
00179,data/images/img_00179.jpg,0
00180,data/images/img_00180.jpg,0
00181,data/images/img_00181.jpg,0
00182,data/images/img_00182.jpg,0
00183,data/images/img_00183.jpg,0
00184,data/images/img_00184.jpg,0
00185,data/images/img_00185.jpg,0
00186,data/images/img_00186.jpg,0
00187,data/images/img_00187.jpg,0
00188,data/images/img_00188.jpg,0
00189,data/images/img_00189.jpg,0
00190,data/images/img_00190.jpg,0
00191,data/images/img_00191.jpg,0
00192,data/images/img_00192.jpg,0
00193,data/images/img_00193.jpg,0
00194,data/images/img_00194.jpg,0
00195,data/images/img_00195.jpg,0
00196,data/images/img_00196.jpg,0
00197,data/images/img_00197.jpg,0
00198,data/images/img_00198.jpg,0
00199,data/images/img_00199.jpg,0
00200,data/images/img_00200.jpg,0
00201,data/images/img_00201.jpg,0
00202,data/images/img_00202.jpg,0
00203,data/images/img_00203.jpg,0
00204,data/images/img_00204.jpg,0
00205,data/images/img_00205.jpg,0
00206,data/images/img_00206.jpg,0
00207,data/images/img_00207.jpg,0
00208,data/images/img_00208.jpg,0
00209,data/images/img_00209.jpg,0
00210,data/images/img_00210.jpg,0
00211,data/images/img_00211.jpg,0
00212,data/images/img_00212.jpg,0
00213,data/images/img_00213.jpg,0
00214,data/images/img_00214.jpg,0
00215,data/images/img_00215.jpg,0
00216,data/images/img_00216.jpg,0
00217,data/images/img_00217.jpg,0
00218,data/images/img_00218.jpg,0
00219,data/images/img_00219.jpg,0
00220,data/images/img_00220.jpg,0
00221,data/images/img_00221.jpg,0
00222,data/images/img_00222.jpg,0
00223,data/images/img_00223.jpg,0
00224,data/images/img_00224.jpg,0
00225,data/images/img_00225.jpg,0
00226,data/images/img_00226.jpg,0
00227,data/images/img_00227.jpg,0
00228,data/images/img_00228.jpg,0
00229,data/images/img_00229.jpg,0
00230,data/images/img_00230.jpg,0
00231,data/images/img_00231.jpg,0
00232,data/images/img_00232.jpg,0
00233,data/images/img_00233.jpg,0
00234,data/images/img_00234.jpg,0
00235,data/images/img_00235.jpg,0
00236,data/images/img_00236.jpg,0
00237,data/images/img_00237.jpg,0
00238,data/images/img_00238.jpg,0
00239,data/images/img_00239.jpg,0
00240,data/images/img_00240.jpg,0
00241,data/images/img_00241.jpg,0
00242,data/images/img_00242.jpg,0
00243,data/images/img_00243.jpg,0
00244,data/images/img_00244.jpg,0
00245,data/images/img_00245.jpg,0
00246,data/images/img_00246.jpg,0
00247,data/images/img_00247.jpg,0
00248,data/images/img_00248.jpg,0
00249,data/images/img_00249.jpg,0
00250,data/images/img_00250.jpg,0
00251,data/images/img_00251.jpg,0
00252,data/images/img_00252.jpg,0
00253,data/images/img_00253.jpg,0
00254,data/images/img_00254.jpg,0
00255,data/images/img_00255.jpg,0
00256,data/images/img_00256.jpg,0
00257,data/images/img_00257.jpg,0
00258,data/images/img_00258.jpg,0
00259,data/images/img_00259.jpg,0
00260,data/images/img_00260.jpg,0
00261,data/images/img_00261.jpg,0
00262,data/images/img_00262.jpg,0
00263,data/images/img_00263.jpg,0
00264,data/images/img_00264.jpg,0
00265,data/images/img_00265.jpg,0
00266,data/images/img_00266.jpg,0
00267,data/images/img_00267.jpg,0
00268,data/images/img_00268.jpg,0
00269,data/images/img_00269.jpg,0
00270,data/images/img_00270.jpg,0
00271,data/images/img_00271.jpg,0
00272,data/images/img_00272.jpg,0
00273,data/images/img_00273.jpg,0
00274,data/images/img_00274.jpg,0
00275,data/images/img_00275.jpg,0
00276,data/images/img_00276.jpg,0
00277,data/images/img_00277.jpg,0
00278,data/images/img_00278.jpg,0
00279,data/images/img_00279.jpg,0
00280,data/images/img_00280.jpg,0
00281,data/images/img_00281.jpg,0
00282,data/images/img_00282.jpg,0
00283,data/images/img_00283.jpg,0
00284,data/images/img_00284.jpg,0
00285,data/images/img_00285.jpg,0
00286,data/images/img_00286.jpg,0
00287,data/images/img_00287.jpg,0
00288,data/images/img_00288.jpg,0
00289,data/images/img_00289.jpg,0
00290,data/images/img_00290.jpg,0
00291,data/images/img_00291.jpg,0
00292,data/images/img_00292.jpg,0
00293,data/images/img_00293.jpg,0
00294,data/images/img_00294.jpg,0
00295,data/images/img_00295.jpg,0
00296,data/images/img_00296.jpg,0
00297,data/images/img_00297.jpg,0
00298,data/images/img_00298.jpg,0
00299,data/images/img_00299.jpg,0
00300,data/images/img_00300.jpg,0
00301,data/images/img_00301.jpg,0
00302,data/images/img_00302.jpg,0
00303,data/images/img_00303.jpg,0
00304,data/images/img_00304.jpg,0
00305,data/images/img_00305.jpg,0
00306,data/images/img_00306.jpg,0
00307,data/images/img_00307.jpg,0
00308,data/images/img_00308.jpg,0
00309,data/images/img_00309.jpg,0
00310,data/images/img_00310.jpg,0
00311,data/images/img_00311.jpg,0
00312,data/images/img_00312.jpg,0
00313,data/images/img_00313.jpg,0
00314,data/images/img_00314.jpg,0
00315,data/images/img_00315.jpg,0
00316,data/images/img_00316.jpg,0
00317,data/images/img_00317.jpg,0
00318,data/images/img_00318.jpg,0
00319,data/images/img_00319.jpg,0
00320,data/images/img_00320.jpg,0
00321,data/images/img_00321.jpg,0
00322,data/images/img_00322.jpg,0
00323,data/images/img_00323.jpg,0
00324,data/images/img_00324.jpg,0
00325,data/images/img_00325.jpg,0
00326,data/images/img_00326.jpg,0
00327,data/images/img_00327.jpg,0
00328,data/images/img_00328.jpg,0
00329,data/images/img_00329.jpg,0
00330,data/images/img_00330.jpg,0
00331,data/images/img_00331.jpg,0
00332,data/images/img_00332.jpg,0
00333,data/images/img_00333.jpg,0
00334,data/images/img_00334.jpg,0
00335,data/images/img_00335.jpg,0
00336,data/images/img_00336.jpg,0
00337,data/images/img_00337.jpg,0
00338,data/images/img_00338.jpg,0
00339,data/images/img_00339.jpg,0
00340,data/images/img_00340.jpg,0
00341,data/images/img_00341.jpg,0
00342,data/images/img_00342.jpg,0
00343,data/images/img_00343.jpg,0
00344,data/images/img_00344.jpg,0
00345,data/images/img_00345.jpg,0
00346,data/images/img_00346.jpg,0
00347,data/images/img_00347.jpg,0
00348,data/images/img_00348.jpg,0
00349,data/images/img_00349.jpg,0
00350,data/images/img_00350.jpg,0
00351,data/images/img_00351.jpg,0
00352,data/images/img_00352.jpg,0
00353,data/images/img_00353.jpg,0
00354,data/images/img_00354.jpg,0
00355,data/images/img_00355.jpg,0
00356,data/images/img_00356.jpg,0
00357,data/images/img_00357.jpg,0
00358,data/images/img_00358.jpg,0
00359,data/images/img_00359.jpg,0
00360,data/images/img_00360.jpg,0
00361,data/images/img_00361.jpg,0
00362,data/images/img_00362.jpg,0
00363,data/images/img_00363.jpg,0
00364,data/images/img_00364.jpg,0
00365,data/images/img_00365.jpg,0
00366,data/images/img_00366.jpg,0
00367,data/images/img_00367.jpg,0
00368,data/images/img_00368.jpg,0
00369,data/images/img_00369.jpg,0
00370,data/images/img_00370.jpg,0
00371,data/images/img_00371.jpg,0
00372,data/images/img_00372.jpg,0
00373,data/images/img_00373.jpg,0
00374,data/images/img_00374.jpg,0
00375,data/images/img_00375.jpg,0
00376,data/images/img_00376.jpg,0
00377,data/images/img_00377.jpg,0
00378,data/images/img_00378.jpg,0
00379,data/images/img_00379.jpg,0
00380,data/images/img_00380.jpg,0
00381,data/images/img_00381.jpg,0
00382,data/images/img_00382.jpg,0
00383,data/images/img_00383.jpg,0
00384,data/images/img_00384.jpg,0
00385,data/images/img_00385.jpg,0
00386,data/images/img_00386.jpg,0
00387,data/images/img_00387.jpg,0
00388,data/images/img_00388.jpg,0
00389,data/images/img_00389.jpg,0
00390,data/images/img_00390.jpg,0
00391,data/images/img_00391.jpg,0
00392,data/images/img_00392.jpg,0
00393,data/images/img_00393.jpg,0
00394,data/images/img_00394.jpg,0
00395,data/images/img_00395.jpg,0
00396,data/images/img_00396.jpg,0
00397,data/images/img_00397.jpg,0
00398,data/images/img_00398.jpg,0
00399,data/images/img_00399.jpg,0
00400,data/images/img_00400.jpg,0
00401,data/images/img_00401.jpg,0
00402,data/images/img_00402.jpg,0
00403,data/images/img_00403.jpg,0
00404,data/images/img_00404.jpg,0
00405,data/images/img_00405.jpg,0
00406,data/images/img_00406.jpg,0
00407,data/images/img_00407.jpg,0
00408,data/images/img_00408.jpg,0
00409,data/images/img_00409.jpg,0
00410,data/images/img_00410.jpg,0
00411,data/images/img_00411.jpg,0
00412,data/images/img_00412.jpg,0
00413,data/images/img_00413.jpg,0
00414,data/images/img_00414.jpg,0
00415,data/images/img_00415.jpg,0
00416,data/images/img_00416.jpg,0
00417,data/images/img_00417.jpg,0
00418,data/images/img_00418.jpg,0
00419,data/images/img_00419.jpg,0
00420,data/images/img_00420.jpg,0
00421,data/images/img_00421.jpg,0
00422,data/images/img_00422.jpg,0
00423,data/images/img_00423.jpg,0
00424,data/images/img_00424.jpg,0
00425,data/images/img_00425.jpg,0
00426,data/images/img_00426.jpg,0
00427,data/images/img_00427.jpg,0
00428,data/images/img_00428.jpg,0
00429,data/images/img_00429.jpg,0
00430,data/images/img_00430.jpg,0
00431,data/images/img_00431.jpg,0
00432,data/images/img_00432.jpg,0
00433,data/images/img_00433.jpg,0
00434,data/images/img_00434.jpg,0
00435,data/images/img_00435.jpg,0
00436,data/images/img_00436.jpg,0
00437,data/images/img_00437.jpg,0
00438,data/images/img_00438.jpg,0
00439,data/images/img_00439.jpg,0
00440,data/images/img_00440.jpg,0
00441,data/images/img_00441.jpg,0
00442,data/images/img_00442.jpg,0
00443,data/images/img_00443.jpg,0
00444,data/images/img_00444.jpg,0
00445,data/images/img_00445.jpg,0
00446,data/images/img_00446.jpg,0
00447,data/images/img_00447.jpg,0
00448,data/images/img_00448.jpg,0
00449,data/images/img_00449.jpg,0
00450,data/images/img_00450.jpg,0
00451,data/images/img_00451.jpg,0
00452,data/images/img_00452.jpg,0
00453,data/images/img_00453.jpg,0
00454,data/images/img_00454.jpg,0
00455,data/images/img_00455.jpg,0
00456,data/images/img_00456.jpg,0
00457,data/images/img_00457.jpg,0
00458,data/images/img_00458.jpg,0
00459,data/images/img_00459.jpg,0
00460,data/images/img_00460.jpg,0
00461,data/images/img_00461.jpg,0
00462,data/images/img_00462.jpg,0
00463,data/images/img_00463.jpg,0
00464,data/images/img_00464.jpg,0
00465,data/images/img_00465.jpg,0
00466,data/images/img_00466.jpg,0
00467,data/images/img_00467.jpg,0
00468,data/images/img_00468.jpg,0
00469,data/images/img_00469.jpg,0
00470,data/images/img_00470.jpg,0
00471,data/images/img_00471.jpg,0
00472,data/images/img_00472.jpg,0
00473,data/images/img_00473.jpg,0
00474,data/images/img_00474.jpg,0
00475,data/images/img_00475.jpg,0
00476,data/images/img_00476.jpg,0
00477,data/images/img_00477.jpg,0
00478,data/images/img_00478.jpg,0
00479,data/images/img_00479.jpg,0
00480,data/images/img_00480.jpg,0
00481,data/images/img_00481.jpg,0
00482,data/images/img_00482.jpg,0
00483,data/images/img_00483.jpg,0
00484,data/images/img_00484.jpg,0
00485,data/images/img_00485.jpg,0
00486,data/images/img_00486.jpg,0
00487,data/images/img_00487.jpg,0
00488,data/images/img_00488.jpg,0
00489,data/images/img_00489.jpg,0
00490,data/images/img_00490.jpg,0
00491,data/images/img_00491.jpg,0
00492,data/images/img_00492.jpg,0
00493,data/images/img_00493.jpg,0
00494,data/images/img_00494.jpg,0
00495,data/images/img_00495.jpg,0
00496,data/images/img_00496.jpg,0
00497,data/images/img_00497.jpg,0
00498,data/images/img_00498.jpg,0
00499,data/images/img_00499.jpg,0
00500,data/images/img_00500.jpg,0
00501,data/images/img_00501.jpg,0
00502,data/images/img_00502.jpg,0
00503,data/images/img_00503.jpg,0
00504,data/images/img_00504.jpg,0
00505,data/images/img_00505.jpg,0
00506,data/images/img_00506.jpg,0
00507,data/images/img_00507.jpg,0
00508,data/images/img_00508.jpg,0
00509,data/images/img_00509.jpg,0
00510,data/images/img_00510.jpg,0
00511,data/images/img_00511.jpg,0
00512,data/images/img_00512.jpg,0
00513,data/images/img_00513.jpg,0
00514,data/images/img_00514.jpg,0
00515,data/images/img_00515.jpg,0
00516,data/images/img_00516.jpg,0
00517,data/images/img_00517.jpg,0
00518,data/images/img_00518.jpg,0
00519,data/images/img_00519.jpg,0
00520,data/images/img_00520.jpg,0
00521,data/images/img_00521.jpg,0
00522,data/images/img_00522.jpg,0
00523,data/images/img_00523.jpg,0
00524,data/images/img_00524.jpg,0
00525,data/images/img_00525.jpg,0
00526,data/images/img_00526.jpg,0
00527,data/images/img_00527.jpg,0
00528,data/images/img_00528.jpg,0
00529,data/images/img_00529.jpg,0
00530,data/images/img_00530.jpg,0
00531,data/images/img_00531.jpg,0
00532,data/images/img_00532.jpg,0
00533,data/images/img_00533.jpg,0
00534,data/images/img_00534.jpg,0
00535,data/images/img_00535.jpg,0
00536,data/images/img_00536.jpg,0
00537,data/images/img_00537.jpg,0
00538,data/images/img_00538.jpg,0
00539,data/images/img_00539.jpg,0
00540,data/images/img_00540.jpg,0
00541,data/images/img_00541.jpg,0
00542,data/images/img_00542.jpg,0
00543,data/images/img_00543.jpg,0
00544,data/images/img_00544.jpg,0
00545,data/images/img_00545.jpg,0
00546,data/images/img_00546.jpg,0
00547,data/images/img_00547.jpg,0
00548,data/images/img_00548.jpg,0
00549,data/images/img_00549.jpg,0
00550,data/images/img_00550.jpg,0
00551,data/images/img_00551.jpg,0
00552,data/images/img_00552.jpg,0
00553,data/images/img_00553.jpg,0
00554,data/images/img_00554.jpg,0
00555,data/images/img_00555.jpg,0
00556,data/images/img_00556.jpg,0
00557,data/images/img_00557.jpg,0
00558,data/images/img_00558.jpg,0
00559,data/images/img_00559.jpg,0
00560,data/images/img_00560.jpg,0
00561,data/images/img_00561.jpg,0
00562,data/images/img_00562.jpg,0
00563,data/images/img_00563.jpg,0
00564,data/images/img_00564.jpg,0
00565,data/images/img_00565.jpg,0
00566,data/images/img_00566.jpg,0
00567,data/images/img_00567.jpg,0
00568,data/images/img_00568.jpg,0
00569,data/images/img_00569.jpg,0
00570,data/images/img_00570.jpg,0
00571,data/images/img_00571.jpg,0
00572,data/images/img_00572.jpg,0
00573,data/images/img_00573.jpg,0
00574,data/images/img_00574.jpg,0
00575,data/images/img_00575.jpg,0
00576,data/images/img_00576.jpg,0
00577,data/images/img_00577.jpg,0
00578,data/images/img_00578.jpg,0
00579,data/images/img_00579.jpg,0
00580,data/images/img_00580.jpg,0
00581,data/images/img_00581.jpg,0
00582,data/images/img_00582.jpg,0
00583,data/images/img_00583.jpg,0
00584,data/images/img_00584.jpg,0
00585,data/images/img_00585.jpg,0
00586,data/images/img_00586.jpg,0
00587,data/images/img_00587.jpg,0
00588,data/images/img_00588.jpg,0
00589,data/images/img_00589.jpg,0
00590,data/images/img_00590.jpg,0
00591,data/images/img_00591.jpg,0
00592,data/images/img_00592.jpg,0
00593,data/images/img_00593.jpg,0
00594,data/images/img_00594.jpg,0
00595,data/images/img_00595.jpg,0
00596,data/images/img_00596.jpg,0
00597,data/images/img_00597.jpg,0
00598,data/images/img_00598.jpg,0
00599,data/images/img_00599.jpg,0
00600,data/images/img_00600.jpg,0
00601,data/images/img_00601.jpg,0
00602,data/images/img_00602.jpg,0
00603,data/images/img_00603.jpg,0
00604,data/images/img_00604.jpg,0
00605,data/images/img_00605.jpg,0
00606,data/images/img_00606.jpg,0
00607,data/images/img_00607.jpg,0
00608,data/images/img_00608.jpg,0
00609,data/images/img_00609.jpg,0
00610,data/images/img_00610.jpg,0
00611,data/images/img_00611.jpg,0
00612,data/images/img_00612.jpg,0
00613,data/images/img_00613.jpg,0
00614,data/images/img_00614.jpg,0
00615,data/images/img_00615.jpg,0
00616,data/images/img_00616.jpg,0
00617,data/images/img_00617.jpg,0
00618,data/images/img_00618.jpg,0
00619,data/images/img_00619.jpg,0
00620,data/images/img_00620.jpg,0
00621,data/images/img_00621.jpg,0
00622,data/images/img_00622.jpg,0
00623,data/images/img_00623.jpg,0
00624,data/images/img_00624.jpg,0
00625,data/images/img_00625.jpg,0
00626,data/images/img_00626.jpg,0
00627,data/images/img_00627.jpg,0
00628,data/images/img_00628.jpg,0
00629,data/images/img_00629.jpg,0
00630,data/images/img_00630.jpg,0
00631,data/images/img_00631.jpg,0
00632,data/images/img_00632.jpg,0
00633,data/images/img_00633.jpg,0
00634,data/images/img_00634.jpg,0
00635,data/images/img_00635.jpg,0
00636,data/images/img_00636.jpg,0
00637,data/images/img_00637.jpg,0
00638,data/images/img_00638.jpg,0
00639,data/images/img_00639.jpg,0
00640,data/images/img_00640.jpg,0
00641,data/images/img_00641.jpg,0
00642,data/images/img_00642.jpg,0
00643,data/images/img_00643.jpg,0
00644,data/images/img_00644.jpg,0
00645,data/images/img_00645.jpg,0
00646,data/images/img_00646.jpg,0
00647,data/images/img_00647.jpg,0
00648,data/images/img_00648.jpg,0
00649,data/images/img_00649.jpg,0
00650,data/images/img_00650.jpg,0
00651,data/images/img_00651.jpg,0
00652,data/images/img_00652.jpg,0
00653,data/images/img_00653.jpg,0
00654,data/images/img_00654.jpg,0
00655,data/images/img_00655.jpg,0
00656,data/images/img_00656.jpg,0
00657,data/images/img_00657.jpg,0
00658,data/images/img_00658.jpg,0
00659,data/images/img_00659.jpg,0
00660,data/images/img_00660.jpg,0
00661,data/images/img_00661.jpg,0
00662,data/images/img_00662.jpg,0
00663,data/images/img_00663.jpg,0
00664,data/images/img_00664.jpg,0
00665,data/images/img_00665.jpg,0
00666,data/images/img_00666.jpg,0
00667,data/images/img_00667.jpg,0
00668,data/images/img_00668.jpg,0
00669,data/images/img_00669.jpg,0
00670,data/images/img_00670.jpg,0
00671,data/images/img_00671.jpg,0
00672,data/images/img_00672.jpg,0
00673,data/images/img_00673.jpg,0
00674,data/images/img_00674.jpg,0
00675,data/images/img_00675.jpg,0
00676,data/images/img_00676.jpg,0
00677,data/images/img_00677.jpg,0
00678,data/images/img_00678.jpg,0
00679,data/images/img_00679.jpg,0
00680,data/images/img_00680.jpg,0
00681,data/images/img_00681.jpg,0
00682,data/images/img_00682.jpg,0
00683,data/images/img_00683.jpg,0
00684,data/images/img_00684.jpg,0
00685,data/images/img_00685.jpg,0
00686,data/images/img_00686.jpg,0
00687,data/images/img_00687.jpg,0
00688,data/images/img_00688.jpg,0
00689,data/images/img_00689.jpg,0
00690,data/images/img_00690.jpg,0
00691,data/images/img_00691.jpg,0
00692,data/images/img_00692.jpg,0
00693,data/images/img_00693.jpg,0
00694,data/images/img_00694.jpg,0
00695,data/images/img_00695.jpg,0
00696,data/images/img_00696.jpg,0
00697,data/images/img_00697.jpg,0
00698,data/images/img_00698.jpg,0
00699,data/images/img_00699.jpg,0
00700,data/images/img_00700.jpg,0
00701,data/images/img_00701.jpg,0
00702,data/images/img_00702.jpg,0
00703,data/images/img_00703.jpg,0
00704,data/images/img_00704.jpg,0
00705,data/images/img_00705.jpg,0
00706,data/images/img_00706.jpg,0
00707,data/images/img_00707.jpg,0
00708,data/images/img_00708.jpg,0
00709,data/images/img_00709.jpg,0
00710,data/images/img_00710.jpg,0
00711,data/images/img_00711.jpg,0
00712,data/images/img_00712.jpg,0
00713,data/images/img_00713.jpg,0
00714,data/images/img_00714.jpg,0
00715,data/images/img_00715.jpg,0
00716,data/images/img_00716.jpg,0
00717,data/images/img_00717.jpg,0
00718,data/images/img_00718.jpg,0
00719,data/images/img_00719.jpg,0
00720,data/images/img_00720.jpg,0
00721,data/images/img_00721.jpg,0
00722,data/images/img_00722.jpg,0
00723,data/images/img_00723.jpg,0
00724,data/images/img_00724.jpg,0
00725,data/images/img_00725.jpg,0
00726,data/images/img_00726.jpg,0
00727,data/images/img_00727.jpg,0
00728,data/images/img_00728.jpg,0
00729,data/images/img_00729.jpg,0
00730,data/images/img_00730.jpg,0
00731,data/images/img_00731.jpg,0
00732,data/images/img_00732.jpg,0
00733,data/images/img_00733.jpg,0
00734,data/images/img_00734.jpg,0
00735,data/images/img_00735.jpg,0
00736,data/images/img_00736.jpg,0
00737,data/images/img_00737.jpg,0
00738,data/images/img_00738.jpg,0
00739,data/images/img_00739.jpg,0
00740,data/images/img_00740.jpg,0
00741,data/images/img_00741.jpg,0
00742,data/images/img_00742.jpg,0
00743,data/images/img_00743.jpg,0
00744,data/images/img_00744.jpg,0
00745,data/images/img_00745.jpg,0
00746,data/images/img_00746.jpg,0
00747,data/images/img_00747.jpg,0
00748,data/images/img_00748.jpg,0
00749,data/images/img_00749.jpg,0
00750,data/images/img_00750.jpg,0
00751,data/images/img_00751.jpg,0
00752,data/images/img_00752.jpg,0
00753,data/images/img_00753.jpg,0
00754,data/images/img_00754.jpg,0
00755,data/images/img_00755.jpg,0
00756,data/images/img_00756.jpg,0
00757,data/images/img_00757.jpg,0
00758,data/images/img_00758.jpg,0
00759,data/images/img_00759.jpg,0
00760,data/images/img_00760.jpg,0
00761,data/images/img_00761.jpg,0
00762,data/images/img_00762.jpg,0
00763,data/images/img_00763.jpg,0
00764,data/images/img_00764.jpg,0
00765,data/images/img_00765.jpg,0
00766,data/images/img_00766.jpg,0
00767,data/images/img_00767.jpg,0
00768,data/images/img_00768.jpg,0
00769,data/images/img_00769.jpg,0
00770,data/images/img_00770.jpg,0
00771,data/images/img_00771.jpg,0
00772,data/images/img_00772.jpg,0
00773,data/images/img_00773.jpg,0
00774,data/images/img_00774.jpg,0
00775,data/images/img_00775.jpg,0
00776,data/images/img_00776.jpg,0
00777,data/images/img_00777.jpg,0
00778,data/images/img_00778.jpg,0
00779,data/images/img_00779.jpg,0
00780,data/images/img_00780.jpg,0
00781,data/images/img_00781.jpg,0
00782,data/images/img_00782.jpg,0
00783,data/images/img_00783.jpg,0
00784,data/images/img_00784.jpg,0
00785,data/images/img_00785.jpg,0
00786,data/images/img_00786.jpg,0
00787,data/images/img_00787.jpg,0
00788,data/images/img_00788.jpg,0
00789,data/images/img_00789.jpg,0
00790,data/images/img_00790.jpg,0
00791,data/images/img_00791.jpg,0
00792,data/images/img_00792.jpg,0
00793,data/images/img_00793.jpg,0
00794,data/images/img_00794.jpg,0
00795,data/images/img_00795.jpg,0
00796,data/images/img_00796.jpg,0
00797,data/images/img_00797.jpg,0
00798,data/images/img_00798.jpg,0
00799,data/images/img_00799.jpg,0
00800,data/images/img_00800.jpg,0
00801,data/images/img_00801.jpg,0
00802,data/images/img_00802.jpg,0
00803,data/images/img_00803.jpg,0
00804,data/images/img_00804.jpg,0
00805,data/images/img_00805.jpg,0
00806,data/images/img_00806.jpg,0
00807,data/images/img_00807.jpg,0
00808,data/images/img_00808.jpg,0
00809,data/images/img_00809.jpg,0
00810,data/images/img_00810.jpg,0
00811,data/images/img_00811.jpg,0
00812,data/images/img_00812.jpg,0
00813,data/images/img_00813.jpg,0
00814,data/images/img_00814.jpg,0
00815,data/images/img_00815.jpg,0
00816,data/images/img_00816.jpg,0
00817,data/images/img_00817.jpg,0
00818,data/images/img_00818.jpg,0
00819,data/images/img_00819.jpg,0
00820,data/images/img_00820.jpg,0
00821,data/images/img_00821.jpg,0
00822,data/images/img_00822.jpg,0
00823,data/images/img_00823.jpg,0
00824,data/images/img_00824.jpg,0
00825,data/images/img_00825.jpg,0
00826,data/images/img_00826.jpg,0
00827,data/images/img_00827.jpg,0
00828,data/images/img_00828.jpg,0
00829,data/images/img_00829.jpg,0
00830,data/images/img_00830.jpg,0
00831,data/images/img_00831.jpg,0
00832,data/images/img_00832.jpg,0
00833,data/images/img_00833.jpg,0
00834,data/images/img_00834.jpg,0
00835,data/images/img_00835.jpg,0
00836,data/images/img_00836.jpg,0
00837,data/images/img_00837.jpg,0
00838,data/images/img_00838.jpg,0
00839,data/images/img_00839.jpg,0
00840,data/images/img_00840.jpg,0
00841,data/images/img_00841.jpg,0
00842,data/images/img_00842.jpg,0
00843,data/images/img_00843.jpg,0
00844,data/images/img_00844.jpg,0
00845,data/images/img_00845.jpg,0
00846,data/images/img_00846.jpg,0
00847,data/images/img_00847.jpg,0
00848,data/images/img_00848.jpg,0
00849,data/images/img_00849.jpg,0
00850,data/images/img_00850.jpg,0
00851,data/images/img_00851.jpg,0
00852,data/images/img_00852.jpg,0
00853,data/images/img_00853.jpg,0
00854,data/images/img_00854.jpg,0
00855,data/images/img_00855.jpg,0
00856,data/images/img_00856.jpg,0
00857,data/images/img_00857.jpg,0
00858,data/images/img_00858.jpg,0
00859,data/images/img_00859.jpg,0
00860,data/images/img_00860.jpg,0
00861,data/images/img_00861.jpg,0
00862,data/images/img_00862.jpg,0
00863,data/images/img_00863.jpg,0
00864,data/images/img_00864.jpg,0
00865,data/images/img_00865.jpg,0
00866,data/images/img_00866.jpg,0
00867,data/images/img_00867.jpg,0
00868,data/images/img_00868.jpg,0
00869,data/images/img_00869.jpg,0
00870,data/images/img_00870.jpg,0
00871,data/images/img_00871.jpg,0
00872,data/images/img_00872.jpg,0
00873,data/images/img_00873.jpg,0
00874,data/images/img_00874.jpg,0
00875,data/images/img_00875.jpg,0
00876,data/images/img_00876.jpg,0
00877,data/images/img_00877.jpg,0
00878,data/images/img_00878.jpg,0
00879,data/images/img_00879.jpg,0
00880,data/images/img_00880.jpg,0
00881,data/images/img_00881.jpg,0
00882,data/images/img_00882.jpg,0
00883,data/images/img_00883.jpg,0
00884,data/images/img_00884.jpg,0
00885,data/images/img_00885.jpg,0
00886,data/images/img_00886.jpg,0
00887,data/images/img_00887.jpg,0
00888,data/images/img_00888.jpg,0
00889,data/images/img_00889.jpg,0
00890,data/images/img_00890.jpg,0
00891,data/images/img_00891.jpg,0
00892,data/images/img_00892.jpg,0
00893,data/images/img_00893.jpg,0
00894,data/images/img_00894.jpg,0
00895,data/images/img_00895.jpg,0
00896,data/images/img_00896.jpg,0
00897,data/images/img_00897.jpg,0
00898,data/images/img_00898.jpg,0
00899,data/images/img_00899.jpg,0
00900,data/images/img_00900.jpg,0
00901,data/images/img_00901.jpg,0
00902,data/images/img_00902.jpg,0
00903,data/images/img_00903.jpg,0
00904,data/images/img_00904.jpg,0
00905,data/images/img_00905.jpg,0
00906,data/images/img_00906.jpg,0
00907,data/images/img_00907.jpg,0
00908,data/images/img_00908.jpg,0
00909,data/images/img_00909.jpg,0
00910,data/images/img_00910.jpg,0
00911,data/images/img_00911.jpg,0
00912,data/images/img_00912.jpg,0
00913,data/images/img_00913.jpg,0
00914,data/images/img_00914.jpg,0
00915,data/images/img_00915.jpg,0
00916,data/images/img_00916.jpg,0
00917,data/images/img_00917.jpg,0
00918,data/images/img_00918.jpg,0
00919,data/images/img_00919.jpg,0
00920,data/images/img_00920.jpg,0
00921,data/images/img_00921.jpg,0
00922,data/images/img_00922.jpg,0
00923,data/images/img_00923.jpg,0
00924,data/images/img_00924.jpg,0
00925,data/images/img_00925.jpg,0
00926,data/images/img_00926.jpg,0
00927,data/images/img_00927.jpg,0
00928,data/images/img_00928.jpg,0
00929,data/images/img_00929.jpg,0
00930,data/images/img_00930.jpg,0
00931,data/images/img_00931.jpg,0
00932,data/images/img_00932.jpg,0
00933,data/images/img_00933.jpg,0
00934,data/images/img_00934.jpg,0
00935,data/images/img_00935.jpg,0
00936,data/images/img_00936.jpg,0
00937,data/images/img_00937.jpg,0
00938,data/images/img_00938.jpg,0
00939,data/images/img_00939.jpg,0
00940,data/images/img_00940.jpg,0
00941,data/images/img_00941.jpg,0
00942,data/images/img_00942.jpg,0
00943,data/images/img_00943.jpg,0
00944,data/images/img_00944.jpg,0
00945,data/images/img_00945.jpg,0
00946,data/images/img_00946.jpg,0
00947,data/images/img_00947.jpg,0
00948,data/images/img_00948.jpg,0
00949,data/images/img_00949.jpg,0
00950,data/images/img_00950.jpg,0
00951,data/images/img_00951.jpg,0
00952,data/images/img_00952.jpg,0
00953,data/images/img_00953.jpg,0
00954,data/images/img_00954.jpg,0
00955,data/images/img_00955.jpg,0
00956,data/images/img_00956.jpg,0
00957,data/images/img_00957.jpg,0
00958,data/images/img_00958.jpg,0
00959,data/images/img_00959.jpg,0
00960,data/images/img_00960.jpg,0
00961,data/images/img_00961.jpg,0
00962,data/images/img_00962.jpg,0
00963,data/images/img_00963.jpg,0
00964,data/images/img_00964.jpg,0
00965,data/images/img_00965.jpg,0
00966,data/images/img_00966.jpg,0
00967,data/images/img_00967.jpg,0
00968,data/images/img_00968.jpg,0
00969,data/images/img_00969.jpg,0
00970,data/images/img_00970.jpg,0
00971,data/images/img_00971.jpg,0
00972,data/images/img_00972.jpg,0
00973,data/images/img_00973.jpg,0
00974,data/images/img_00974.jpg,0
00975,data/images/img_00975.jpg,0
00976,data/images/img_00976.jpg,0
00977,data/images/img_00977.jpg,0
00978,data/images/img_00978.jpg,0
00979,data/images/img_00979.jpg,0
00980,data/images/img_00980.jpg,0
00981,data/images/img_00981.jpg,0
00982,data/images/img_00982.jpg,0
00983,data/images/img_00983.jpg,0
00984,data/images/img_00984.jpg,0
00985,data/images/img_00985.jpg,0
00986,data/images/img_00986.jpg,0
00987,data/images/img_00987.jpg,0
00988,data/images/img_00988.jpg,0
00989,data/images/img_00989.jpg,0
00990,data/images/img_00990.jpg,0
00991,data/images/img_00991.jpg,0
00992,data/images/img_00992.jpg,0
00993,data/images/img_00993.jpg,0
00994,data/images/img_00994.jpg,0
00995,data/images/img_00995.jpg,0
00996,data/images/img_00996.jpg,0
00997,data/images/img_00997.jpg,0
00998,data/images/img_00998.jpg,0
00999,data/images/img_00999.jpg,0
01000,data/images/img_01000.jpg,0
